"Authors","Author full names","Author(s) ID","Title","Year","Source title","Volume","Issue","Art. No.","Page start","Page end","Page count","DOI","Link","ISSN","ISBN","CODEN","PubMed ID","Publication Stage","EID"
"Tan C.; Liu X.; Zhang G.","Tan, Chenhao (57475399600); Liu, Xin (57769933500); Zhang, Gaoyan (56999327300)","57475399600; 57769933500; 56999327300","Inferring Brain State Dynamics Underlying Naturalistic Stimuli Evoked Emotion Changes With dHA-HMM","2022","Neuroinformatics","20","3","","737","753","16","10.1007/s12021-022-09568-5","https://www.scopus.com/inward/record.uri?eid=2-s2.0-85125653187&doi=10.1007%2fs12021-022-09568-5&partnerID=40&md5=78ae77496ae1e080c77c9e1df5614919","15392791","","NEURK","35244856","Final","2-s2.0-85125653187"
"Schmidtlein C.R.; Turner J.N.; Thompson M.O.; Mandal K.C.; Häggström I.; Zhang J.; Humm J.L.; Feiglin D.H.; Krol A.","Schmidtlein, Charles R. (8602739500); Turner, James N. (7404250594); Thompson, Michael O. (35430272500); Mandal, Krishna C. (35554683100); Häggström, Ida (36106910800); Zhang, Jiahan (57206848930); Humm, John L. (7005092148); Feiglin, David H. (7004324671); Krol, Andrzej (7103411317)","8602739500; 7404250594; 35430272500; 35554683100; 36106910800; 57206848930; 7005092148; 7004324671; 7103411317","Initial performance studies of a wearable brain positron emission tomography camera based on autonomous thin-film digital Geiger avalanche photodiode arrays","2017","Journal of Medical Imaging","4","1","011003","","","","10.1117/1.JMI.4.1.011003","https://www.scopus.com/inward/record.uri?eid=2-s2.0-84998706913&doi=10.1117%2f1.JMI.4.1.011003&partnerID=40&md5=55fbe463733e6d4ac44b07c12b3e17bb","23294302","","","","Final","2-s2.0-84998706913"
"Khosla M.; Ngo G.H.; Jamison K.; Kuceyeski A.; Sabuncu M.R.","Khosla, Meenakshi (57204811568); Ngo, Gia H. (57191331074); Jamison, Keith (52463743100); Kuceyeski, Amy (25630708400); Sabuncu, Mert R. (6603132006)","57204811568; 57191331074; 52463743100; 25630708400; 6603132006","Cortical response to naturalistic stimuli is largely predictable with deep neural networks","2021","Science Advances","7","22","eabe7547","","","","10.1126/sciadv.abe7547","https://www.scopus.com/inward/record.uri?eid=2-s2.0-85107006972&doi=10.1126%2fsciadv.abe7547&partnerID=40&md5=f54250353b2d3a0b7d30b3fbebb9c89e","23752548","","","34049888","Final","2-s2.0-85107006972"
"Du Z.J.; Bi G.-Q.; Cui X.T.","Du, Zhanhong Jeff (58161854200); Bi, Guo-Qiang (7102069444); Cui, Xinyan Tracy (36194886100)","58161854200; 7102069444; 36194886100","Electrically Controlled Neurochemical Release from Dual-Layer Conducting Polymer Films for Precise Modulation of Neural Network Activity in Rat Barrel Cortex","2018","Advanced Functional Materials","28","12","1703988","","","","10.1002/adfm.201703988","https://www.scopus.com/inward/record.uri?eid=2-s2.0-85037736732&doi=10.1002%2fadfm.201703988&partnerID=40&md5=5107bb2a0f68587483843c327e012ac6","1616301X","","AFMDC","","Final","2-s2.0-85037736732"
"Klann J.; Huber W.","Klann, J. (8957691000); Huber, W. (7202451662)","8957691000; 7202451662","Situation model and narrative shifts: Preliminary studies on the diagnostics of speech and cognitive comprehension problems in brain-damaged patients; [Situationsmodell und narrative shifts: Voruntersuchungen zur diagnostik von sprachlichen und kognitiven verstehensproblemen bei hirngeschädigten patienten]","2011","Sprache Stimme Gehor","35","1","","e3","e8","5","10.1055/s-0031-1273714","https://www.scopus.com/inward/record.uri?eid=2-s2.0-79953257308&doi=10.1055%2fs-0031-1273714&partnerID=40&md5=19b8c4be1a8200fc363e471df6d73b3c","14391260","","SSTGD","","Final","2-s2.0-79953257308"
"Deku F.; Joshi-Imre A.; Mertiri A.; Gardner T.J.; Cogan S.F.","Deku, Felix (57039192700); Joshi-Imre, Alexandra (7006002959); Mertiri, Alket (24483585700); Gardner, Timothy J. (18934504400); Cogan, Stuart F. (7006885967)","57039192700; 7006002959; 24483585700; 18934504400; 7006885967","Electrodeposited iridium oxide on carbon fiber ultramicroelectrodes for neural recording and stimulation","2018","Journal of the Electrochemical Society","165","9","","D375","D380","5","10.1149/2.0401809jes","https://www.scopus.com/inward/record.uri?eid=2-s2.0-85049256737&doi=10.1149%2f2.0401809jes&partnerID=40&md5=524917e8ab35cfbf0b2d36d740d8f9ec","00134651","","JESOA","","Final","2-s2.0-85049256737"
"Zhang Y.; Xu Y.; Yao Z.; Ma J.","Zhang, Yin (57205652395); Xu, Ying (56727159800); Yao, Zhao (57205580862); Ma, Jun (36078057800)","57205652395; 56727159800; 57205580862; 36078057800","A feasible neuron for estimating the magnetic field effect","2020","Nonlinear Dynamics","102","3","","1849","1867","18","10.1007/s11071-020-05991-y","https://www.scopus.com/inward/record.uri?eid=2-s2.0-85092357910&doi=10.1007%2fs11071-020-05991-y&partnerID=40&md5=b2bb1e2c713d5fedb023a2cd0a7fd969","0924090X","","NODYE","","Final","2-s2.0-85092357910"
"Park O.K.; Kwak J.; Jung Y.J.; Kim Y.H.; Hong H.-S.; Hwang B.J.; Kwon S.-H.; Kee Y.","Park, Ok Kyu (23973388500); Kwak, Jina (55607154700); Jung, Yoo Jung (55606752000); Kim, Young Ho (57189845230); Hong, Hyun-Seok (7401521405); Hwang, Byung Joon (57802918500); Kwon, Seung-Hae (26536218300); Kee, Yun (36902160900)","23973388500; 55607154700; 55606752000; 57189845230; 7401521405; 57802918500; 26536218300; 36902160900","3D light-sheet fluorescence microscopy of cranial neurons and vasculature during zebrafish embryogenesis","2015","Molecules and Cells","38","11","","975","981","6","10.14348/molcells.2015.0160","https://www.scopus.com/inward/record.uri?eid=2-s2.0-84975223346&doi=10.14348%2fmolcells.2015.0160&partnerID=40&md5=3f22434f5a6445a24ab979cfaf67a1f5","10168478","","MOCEE","26429501","Final","2-s2.0-84975223346"
"Qin S.; Cousijn H.; Rijpkema M.; Luo J.; Franke B.; Hermans E.J.; Fernández G.","Qin, Shaozheng (21743630900); Cousijn, Helena (36095648900); Rijpkema, Mark (6602644608); Luo, Jing (55482670000); Franke, Barbara (7005326255); Hermans, Erno J (7005960381); Fernández, Guillén (7202232893)","21743630900; 36095648900; 6602644608; 55482670000; 7005326255; 7005960381; 7202232893","The effect of moderate acute psychological stress on working memory-related neural activity is modulated by a genetic variation in catecholaminergic function in humans","2012","Frontiers in Integrative Neuroscience","","APRIL","","1","29","28","10.3389/fnint.2012.00016","https://www.scopus.com/inward/record.uri?eid=2-s2.0-84864446489&doi=10.3389%2ffnint.2012.00016&partnerID=40&md5=a662d9a15eecea0b6eb1119b0ff5cdfa","16625145","","","","Final","2-s2.0-84864446489"
"Ravishankar S.; Toneva M.; Wehbe L.","Ravishankar, Srinivas (57220034443); Toneva, Mariya (55963154300); Wehbe, Leila (55235701100)","57220034443; 55963154300; 55235701100","Single-Trial MEG Data Can Be Denoised Through Cross-Subject Predictive Modeling","2021","Frontiers in Computational Neuroscience","15","","737324","","","","10.3389/fncom.2021.737324","https://www.scopus.com/inward/record.uri?eid=2-s2.0-85120707676&doi=10.3389%2ffncom.2021.737324&partnerID=40&md5=5cae36680873fd477ad5ffce6489b574","16625188","","","","Final","2-s2.0-85120707676"
"Denis J.; Dard R.F.; Quiroli E.; Cossart R.; Picardo M.A.","Denis, Julien (57197756204); Dard, Robin F. (57204778369); Quiroli, Eleonora (57218583405); Cossart, Rosa (6603262342); Picardo, Michel A. (35332691700)","57197756204; 57204778369; 57218583405; 6603262342; 35332691700","Deepcinac: A deep-learning-based python toolbox for inferring calcium imaging neuronal activity based on movie visualization","2020","eNeuro","7","4","ENEURO.0038-20.2020","1","15","14","10.1523/ENEURO.0038-20.2020","https://www.scopus.com/inward/record.uri?eid=2-s2.0-85089663056&doi=10.1523%2fENEURO.0038-20.2020&partnerID=40&md5=ff099ed3043b92fedc75d3476c43c494","23732822","","","32699072","Final","2-s2.0-85089663056"
"Berkes P.; White B.L.; Fiser J.","Berkes, Pietro (8939206400); White, Benjamin L. (55417510700); Fiser, József (7006147766)","8939206400; 55417510700; 7006147766","No evidence for active sparsification in the visual cortex","2009","Advances in Neural Information Processing Systems 22 - Proceedings of the 2009 Conference","","","","108","116","8","","https://www.scopus.com/inward/record.uri?eid=2-s2.0-83955163299&partnerID=40&md5=17aee45dd53f50b24d04ecc7841207cb","","978-161567911-9","","","Final","2-s2.0-83955163299"
"Sinz F.H.; Ecker A.S.; Fahey P.G.; Walker E.Y.; Cobos E.; Froudarakis E.; Yatsenko D.; Pitkow X.; Reimer J.; Tolias A.S.","Sinz, Fabian H. (14036645300); Ecker, Alexander S. (23099898900); Fahey, Paul G. (57191955219); Walker, Edgar Y. (56572021600); Cobos, Erick (57208446199); Froudarakis, Emmanouil (55915032900); Yatsenko, Dimitri (57210210364); Pitkow, Xaq (23478306500); Reimer, Jacob (23036759700); Tolias, Andreas S. (57207588001)","14036645300; 23099898900; 57191955219; 56572021600; 57208446199; 55915032900; 57210210364; 23478306500; 23036759700; 57207588001","Stimulus domain transfer in recurrent models for large scale cortical population prediction on video","2018","Advances in Neural Information Processing Systems","2018-December","","","7199","7210","11","","https://www.scopus.com/inward/record.uri?eid=2-s2.0-85064831615&partnerID=40&md5=2a590b63179e1101f77744f67f35f30d","10495258","","","","Final","2-s2.0-85064831615"
"Lee C.-K.; Sun C.-W.; Lee P.-L.; Lee H.-C.; Yang C.C.; Jiang C.-P.; Tong Y.-P.; Yeh T.-C.; Hsieh J.-C.","Lee, Cheng-Kuang (35194264300); Sun, Chia-Wei (7404248226); Lee, Po-Lei (8951752300); Lee, Hsiang-Chieh (8853545300); Yang, C.C. (24333472100); Jiang, Cho-Pei (8853545500); Tong, Yuh-Ping (7202614662); Yeh, Tzu-Chen (8090723900); Hsieh, Jen-Chuen (7401435679)","35194264300; 7404248226; 8951752300; 8853545300; 24333472100; 8853545500; 7202614662; 8090723900; 7401435679","Study of photon migration with various sourcedetector separations in near-infrared spectroscopic brain imaging based on threedimensional monte carlo modeling","2005","Optics Express","13","21","","8339","8348","9","10.1364/OPEX.13.008339","https://www.scopus.com/inward/record.uri?eid=2-s2.0-26844506799&doi=10.1364%2fOPEX.13.008339&partnerID=40&md5=62450f4c309b01cbd97fc69783b449d6","10944087","","","","Final","2-s2.0-26844506799"
"Yang S.; Xu K.; Guan S.; Zou L.; Gao L.; Wang J.; Tian H.; Li H.; Fang Y.; Li H.","Yang, Siting (57208328877); Xu, Ke (57385151500); Guan, Shouliang (57200289352); Zou, Liang (57208175737); Gao, Lei (58420615100); Wang, Jinfen (55798060800); Tian, Huihui (55566118300); Li, Hui (57216642311); Fang, Ying (56309136800); Li, Hongbian (36059429400)","57208328877; 57385151500; 57200289352; 57208175737; 58420615100; 55798060800; 55566118300; 57216642311; 56309136800; 36059429400","Polymer nanofiber network reinforced gold electrode array for neural activity recording","2023","Biomedical Engineering Letters","13","2","","111","118","7","10.1007/s13534-022-00257-5","https://www.scopus.com/inward/record.uri?eid=2-s2.0-85145503911&doi=10.1007%2fs13534-022-00257-5&partnerID=40&md5=778bf05f901f528b6ccfae69e2fa6776","20939868","","","","Final","2-s2.0-85145503911"
"Nakamura W.; Inouye Y.","Nakamura, Wakako (56249156300); Inouye, Yujiro (7102332782)","56249156300; 7102332782","Measures of goodness of fit to convolution model for analysis of FMRI data","2009","European Signal Processing Conference","","","","2387","2391","4","","https://www.scopus.com/inward/record.uri?eid=2-s2.0-84863752336&partnerID=40&md5=f0254927a626aea1acd0847022b41406","22195491","","","","Final","2-s2.0-84863752336"
"Lankinen K.; Saari J.; Hlushchuk Y.; Tikka P.; Parkkonen L.; Hari R.; Koskinen M.","Lankinen, Kaisu (56064036200); Saari, Jukka (57210691888); Hlushchuk, Yevhen (56453143100); Tikka, Pia (15073406000); Parkkonen, Lauri (57222517835); Hari, Riitta (7102904433); Koskinen, Miika (7005357055)","56064036200; 57210691888; 56453143100; 15073406000; 57222517835; 7102904433; 7005357055","Consistency and similarity of MEG- and fMRI-signal time courses during movie viewing","2018","NeuroImage","173","","","361","369","8","10.1016/j.neuroimage.2018.02.045","https://www.scopus.com/inward/record.uri?eid=2-s2.0-85042930753&doi=10.1016%2fj.neuroimage.2018.02.045&partnerID=40&md5=7b6c462da1905936ef8db42088de5ff4","10538119","","NEIME","29486325","Final","2-s2.0-85042930753"
"Häusler C.O.; Hanke M.","Häusler, Christian Olaf (57193421076); Hanke, Michael (35859076500)","57193421076; 35859076500","A studyforrest extension, an annotation of spoken language in the German dubbed movie 'Forrest Gump' and its audio-description","2021","F1000Research","10","","54","","","","10.12688/f1000research.27621.1","https://www.scopus.com/inward/record.uri?eid=2-s2.0-85101983641&doi=10.12688%2ff1000research.27621.1&partnerID=40&md5=c8e1859c76fa8ec41ca8910fa3c6846c","20461402","","","33732435","Final","2-s2.0-85101983641"
"Mercadillo R.E.; Díaz J.L.; Barrios F.A.","Mercadillo, Roberto E. (18042269600); Díaz, José Luis (56473221100); Barrios, Fernando A. (7004323179)","18042269600; 56473221100; 7004323179","Neurobiology of moral emotions; [Neurobiología de las emociones morales]","2007","Salud Mental","30","3","","1","11","10","","https://www.scopus.com/inward/record.uri?eid=2-s2.0-34547517556&partnerID=40&md5=9d8978c80e80c88c3e64c6894638dcee","01853325","","SAMEF","","Final","2-s2.0-34547517556"
"Trujillo T.; Allard M.; Alvarez A.; Preston C.; Witte R.S.","Trujillo, Teodoro (57213161793); Allard, Margaret (57413355100); Alvarez, Alexander (57210738543); Preston, Chet (57200091992); Witte, Russell S. (7004941585)","57213161793; 57413355100; 57210738543; 57200091992; 7004941585","Transcranial Acoustoelectric Imaging of Spatially and Temporally Varying Electrical Currents to Better Understand Neuronal Dysfunction","2022","IEEE International Ultrasonics Symposium, IUS","2022-October","","","","","","10.1109/IUS54386.2022.9957765","https://www.scopus.com/inward/record.uri?eid=2-s2.0-85143764059&doi=10.1109%2fIUS54386.2022.9957765&partnerID=40&md5=69571dbccfef104d1d8c2ea8e4d7a75c","19485719","978-166546657-8","","","Final","2-s2.0-85143764059"
"Hermiz J.; Hossain L.; Arneodo E.M.; Ganji M.; Rogers N.; Vahidi N.; Halgren E.; Gentner T.Q.; Dayeh S.A.; Gilja V.","Hermiz, John (55619967300); Hossain, Lorraine (56528068600); Arneodo, Ezequiel M. (24402656400); Ganji, Mehran (57192363329); Rogers, Nicholas (57192921201); Vahidi, Nasim (55915843000); Halgren, Eric (16934930800); Gentner, Timothy Q. (6602120097); Dayeh, Shadi A. (55637219100); Gilja, Vikash (16174758600)","55619967300; 56528068600; 24402656400; 57192363329; 57192921201; 55915843000; 16934930800; 6602120097; 55637219100; 16174758600","Stimulus Driven Single Unit Activity From Micro-Electrocorticography","2020","Frontiers in Neuroscience","14","","55","","","","10.3389/fnins.2020.00055","https://www.scopus.com/inward/record.uri?eid=2-s2.0-85082550446&doi=10.3389%2ffnins.2020.00055&partnerID=40&md5=c5716ad7c1d1940d1b19ce28bcc65831","16624548","","","","Final","2-s2.0-85082550446"
"Cui Y.; Zhang F.; Chen G.; Yao L.; Zhang N.; Liu Z.; Li Q.; Zhang F.; Cui Z.; Zhang K.; Li P.; Cheng Y.; Zhang S.; Chen X.","Cui, Yajing (57201420078); Zhang, Fan (57304166000); Chen, Geng (57194724307); Yao, Lin (57214365307); Zhang, Nan (56994095200); Liu, Zhiyuan (56344609500); Li, Qingsong (57129235400); Zhang, Feilong (56080841600); Cui, Zequn (57216543224); Zhang, Keqin (56153290000); Li, Peng (56134783100); Cheng, Yuan (8982932600); Zhang, Shaomin (56025118600); Chen, Xiaodong (57205067785)","57201420078; 57304166000; 57194724307; 57214365307; 56994095200; 56344609500; 57129235400; 56080841600; 57216543224; 56153290000; 56134783100; 8982932600; 56025118600; 57205067785","A Stretchable and Transparent Electrode Based on PEGylated Silk Fibroin for In Vivo Dual-Modal Neural-Vascular Activity Probing","2021","Advanced Materials","33","34","2100221","","","","10.1002/adma.202100221","https://www.scopus.com/inward/record.uri?eid=2-s2.0-85110649594&doi=10.1002%2fadma.202100221&partnerID=40&md5=845507e1aeb952cc3ce4413487a244ab","09359648","","ADVME","34278616","Final","2-s2.0-85110649594"
"Whittingstall K.; Logothetis N.K.","Whittingstall, Kevin (6508177711); Logothetis, Nikos K. (7005201388)","6508177711; 7005201388","Frequency-Band Coupling in Surface EEG Reflects Spiking Activity in Monkey Visual Cortex","2009","Neuron","64","2","","281","289","8","10.1016/j.neuron.2009.08.016","https://www.scopus.com/inward/record.uri?eid=2-s2.0-70350208825&doi=10.1016%2fj.neuron.2009.08.016&partnerID=40&md5=f49d6473a5ae61ead59a80e38f8a3e4a","08966273","","NERNE","19874794","Final","2-s2.0-70350208825"
"Hao J.; Hu X.; Wang L.; Guo L.; Han J.","Hao, Jianing (57393522800); Hu, Xintao (56177187200); Wang, Liting (57194832125); Guo, Lei (56428255600); Han, Junwei (24450644400)","57393522800; 56177187200; 57194832125; 56428255600; 24450644400","Functional Subdivisions of the Cerebellum in Naturalistic Paradigm Functional Magnetic Resonance Imaging","2021","Frontiers in Neuroscience","15","","748561","","","","10.3389/fnins.2021.748561","https://www.scopus.com/inward/record.uri?eid=2-s2.0-85122071248&doi=10.3389%2ffnins.2021.748561&partnerID=40&md5=d8b94af55e932b4960be2f134bc27a1c","16624548","","","","Final","2-s2.0-85122071248"
"Guan J.-S.; Jiang J.; Xie H.; Liu K.-Y.","Guan, Ji-Song (8661275200); Jiang, Jun (57204135634); Xie, Hong (55202382700); Liu, Kai-Yuan (57191410758)","8661275200; 57204135634; 55202382700; 57191410758","How does the sparse memory “engram” neurons encode the memory of a spatial–temporal event?","2016","Frontiers in Neural Circuits","10","AUG","61","","","","10.3389/fncir.2016.00061","https://www.scopus.com/inward/record.uri?eid=2-s2.0-84989809835&doi=10.3389%2ffncir.2016.00061&partnerID=40&md5=cf5ead9c49bd1682c3298bb433be3b22","16625110","","","27601979","Final","2-s2.0-84989809835"
"Wang Y.; Wang Y.; Lui Y.W.","Wang, Yuan (57202291661); Wang, Yao (35436329400); Lui, Yvonne W. (35965064700)","57202291661; 35436329400; 35965064700","Generalized Recurrent Neural Network accommodating Dynamic Causal Modeling for functional MRI analysis","2018","NeuroImage","178","","","385","402","17","10.1016/j.neuroimage.2018.05.042","https://www.scopus.com/inward/record.uri?eid=2-s2.0-85047750813&doi=10.1016%2fj.neuroimage.2018.05.042&partnerID=40&md5=f1737215fc754f697dc319e97c1d2adf","10538119","","NEIME","29782993","Final","2-s2.0-85047750813"
"Gal S.; Coldham Y.; Tik N.; Bernstein-Eliav M.; Tavor I.","Gal, Shachar (57221353764); Coldham, Yael (57381392800); Tik, Niv (57199100640); Bernstein-Eliav, Michal (57211457713); Tavor, Ido (55115789200)","57221353764; 57381392800; 57199100640; 57211457713; 55115789200","Act natural: Functional connectivity from naturalistic stimuli fMRI outperforms resting-state in predicting brain activity","2022","NeuroImage","258","","119359","","","","10.1016/j.neuroimage.2022.119359","https://www.scopus.com/inward/record.uri?eid=2-s2.0-85131958716&doi=10.1016%2fj.neuroimage.2022.119359&partnerID=40&md5=26e88c22569a58e6b14ad433da7a286f","10538119","","NEIME","35680054","Final","2-s2.0-85131958716"
"Pehrs C.; Zaki J.; Taruffi L.; Kuchinke L.; Koelsch S.","Pehrs, Corinna (55589497800); Zaki, Jamil (18134766700); Taruffi, Liila (56394445400); Kuchinke, Lars (9635159800); Koelsch, Stefan (7003503324)","55589497800; 18134766700; 56394445400; 9635159800; 7003503324","Hippocampal-Temporopolar Connectivity Contributes to Episodic Simulation during Social Cognition","2018","Scientific Reports","8","1","9409","","","","10.1038/s41598-018-24557-y","https://www.scopus.com/inward/record.uri?eid=2-s2.0-85049030557&doi=10.1038%2fs41598-018-24557-y&partnerID=40&md5=c9bdcf6104f85994707ea29f21dbfd0e","20452322","","","29925874","Final","2-s2.0-85049030557"
"Rodríguez-Rodríguez J.C.; Quesada-Arencibia A.; Moreno-Díaz Jr. R.; Leibovic K.N.","Rodríguez-Rodríguez, J.C. (8925188600); Quesada-Arencibia, A. (13006053800); Moreno-Díaz Jr., R. (24543463600); Leibovic, K.N. (7003930587)","8925188600; 13006053800; 24543463600; 7003930587","On parallel channel modeling of retinal processes","2004","Lecture Notes in Computer Science (including subseries Lecture Notes in Artificial Intelligence and Lecture Notes in Bioinformatics)","2809","","","471","481","10","","https://www.scopus.com/inward/record.uri?eid=2-s2.0-0242308129&partnerID=40&md5=b45fa4576150e3b16b0baa59dbdb01b6","16113349","","","","Final","2-s2.0-0242308129"
"Zhao L.; Dai H.; Wu Z.; Xiao Z.; Zhang L.; Liu D.W.; Hu X.; Jiang X.; Li S.; Zhu D.; Liu T.","Zhao, Lin (57748941700); Dai, Haixing (57211428065); Wu, Zihao (57713535900); Xiao, Zhenxiang (57559562000); Zhang, Lu (57215062392); Liu, David Weizhong (57712305700); Hu, Xintao (56177187200); Jiang, Xi (57867320400); Li, Sheng (55812663300); Zhu, Dajiang (36162659100); Liu, Tianming (57203377182)","57748941700; 57211428065; 57713535900; 57559562000; 57215062392; 57712305700; 56177187200; 57867320400; 55812663300; 36162659100; 57203377182","Coupling Visual Semantics of Artificial Neural Networks and Human Brain Function via Synchronized Activations","2023","IEEE Transactions on Cognitive and Developmental Systems","","","","1","1","0","10.1109/TCDS.2023.3287184","https://www.scopus.com/inward/record.uri?eid=2-s2.0-85162925595&doi=10.1109%2fTCDS.2023.3287184&partnerID=40&md5=96bee42a25e7a6dbcacf8f99924e0fbb","23798920","","","","Article in press","2-s2.0-85162925595"
"Walsh R.","Walsh, Richard (16461228900)","16461228900","Dreaming and narrative theory","2010","Toward a Cognitive Theory of Narrative Acts","","","","141","158","17","","https://www.scopus.com/inward/record.uri?eid=2-s2.0-84899665853&partnerID=40&md5=23418ccb8c99d94058f1b584a6363a82","","978-029272157-9","","","Final","2-s2.0-84899665853"
"Benigno G.B.; Budzinski R.C.; Davis Z.W.; Reynolds J.H.; Muller L.","Benigno, Gabriel B. (57220188985); Budzinski, Roberto C. (57195321526); Davis, Zachary W. (56574867400); Reynolds, John H. (55465971500); Muller, Lyle (50661501500)","57220188985; 57195321526; 56574867400; 55465971500; 50661501500","Waves traveling over a map of visual space can ignite short-term predictions of sensory input","2023","Nature Communications","14","1","3409","","","","10.1038/s41467-023-39076-2","https://www.scopus.com/inward/record.uri?eid=2-s2.0-85161677534&doi=10.1038%2fs41467-023-39076-2&partnerID=40&md5=7da1d6fbb78cf9026e0bd9c1dcc75e02","20411723","","","37296131","Final","2-s2.0-85161677534"
"Hensel L.; Tscherpel C.; Freytag J.; Ritter S.; Rehme A.K.; Volz L.J.; Eickhoff S.B.; Fink G.R.; Grefkes C.","Hensel, Lukas (56622969500); Tscherpel, Caroline (56816911400); Freytag, Jana (57211472084); Ritter, Stella (57221794150); Rehme, Anne K (24179436700); Volz, Lukas J. (55598427000); Eickhoff, Simon B. (9742676000); Fink, Gereon R. (7202767717); Grefkes, Christian (6602258560)","56622969500; 56816911400; 57211472084; 57221794150; 24179436700; 55598427000; 9742676000; 7202767717; 6602258560","Connectivity-Related Roles of Contralesional Brain Regions for Motor Performance Early after Stroke","2021","Cerebral Cortex","31","2","","993","1007","14","10.1093/cercor/bhaa270","https://www.scopus.com/inward/record.uri?eid=2-s2.0-85100224080&doi=10.1093%2fcercor%2fbhaa270&partnerID=40&md5=fff42988970c3c85a6dee1c0c4168d10","10473211","","CECOE","32995880","Final","2-s2.0-85100224080"
"Kinreich S.; Intrator N.; Hendler T.","Kinreich, Sivan (54998020600); Intrator, Nathan (7003780870); Hendler, Talma (7004564546)","54998020600; 7003780870; 7004564546","Functional Cliques in the Amygdala and Related Brain Networks Driven by Fear Assessment Acquired During Movie Viewing","2011","Brain Connectivity","1","6","","484","495","11","10.1089/brain.2011.0061","https://www.scopus.com/inward/record.uri?eid=2-s2.0-85015751840&doi=10.1089%2fbrain.2011.0061&partnerID=40&md5=cfeea7aea21acd2f37d2fcd224d0b3dd","21580014","","","","Final","2-s2.0-85015751840"
"Pandey P.; Tripathi R.; Miyapuram K.P.","Pandey, Pankaj (57197502632); Tripathi, Richa (57211492167); Miyapuram, Krishna Prasad (12139624500)","57197502632; 57211492167; 12139624500","Classifying oscillatory brain activity associated with Indian Rasas using network metrics","2022","Brain Informatics","9","1","15","","","","10.1186/s40708-022-00163-7","https://www.scopus.com/inward/record.uri?eid=2-s2.0-85134213544&doi=10.1186%2fs40708-022-00163-7&partnerID=40&md5=2eb2262deee0f1dbdc45df011d69478d","21984018","","","","Final","2-s2.0-85134213544"
"Sabuncu M.R.; Singer B.D.; Conroy B.; Bryan R.E.; Ramadge P.J.; Haxby J.V.","Sabuncu, Mert R. (6603132006); Singer, Benjamin D. (58591486100); Conroy, Bryan (57213751804); Bryan, Ronald E. (55365850900); Ramadge, Peter J. (7003731705); Haxby, James V. (7004857212)","6603132006; 58591486100; 57213751804; 55365850900; 7003731705; 7004857212","Function-based intersubject alignment of human cortical anatomy","2010","Cerebral Cortex","20","1","","130","140","10","10.1093/cercor/bhp085","https://www.scopus.com/inward/record.uri?eid=2-s2.0-72049095890&doi=10.1093%2fcercor%2fbhp085&partnerID=40&md5=7aac6b7fdf0280f13427bafdc3594278","14602199","","CECOE","19420007","Final","2-s2.0-72049095890"
"Andrew E.R.","Andrew, E.R. (7006802128)","7006802128","Nuclear magnetic resonance and the brain","1992","Brain Topography","5","2","","129","133","4","10.1007/BF01129040","https://www.scopus.com/inward/record.uri?eid=2-s2.0-0027083168&doi=10.1007%2fBF01129040&partnerID=40&md5=87ea0e3863d5f492e5f0f46e1a5b4111","15736792","","BRTOE","1489641","Final","2-s2.0-0027083168"
"Ha H.; Pyo J.; Lee Y.; Kim S.","Ha, Hoesung (58034828500); Pyo, Juyeong (57367793200); Lee, Yunseok (57796310800); Kim, Sungjun (57216749210)","58034828500; 57367793200; 57796310800; 57216749210","Non-Volatile Memory and Synaptic Characteristics of TiN/CeOx/Pt RRAM Devices","2022","Materials","15","24","9087","","","","10.3390/ma15249087","https://www.scopus.com/inward/record.uri?eid=2-s2.0-85145008604&doi=10.3390%2fma15249087&partnerID=40&md5=38086df975f36f8f3ff7fd4cdd4de91b","19961944","","","","Final","2-s2.0-85145008604"
"Patil A.C.; Bandla A.; Liu Y.-H.; Luo B.; Thakor N.V.","Patil, Anoop C. (56647586600); Bandla, Aishwarya (55903606900); Liu, Yu-Hang (56086666300); Luo, Baiwen (56231261600); Thakor, Nitish V. (7102105011)","56647586600; 55903606900; 56086666300; 56231261600; 7102105011","Nontransient silk sandwich for soft, conformal bionic links","2020","Materials Today","32","","","68","83","15","10.1016/j.mattod.2019.08.007","https://www.scopus.com/inward/record.uri?eid=2-s2.0-85072806267&doi=10.1016%2fj.mattod.2019.08.007&partnerID=40&md5=cd3cf8dbf8b98505c30e712f1cfcfd4e","13697021","","","","Final","2-s2.0-85072806267"
"Kleen J.K.; Chung J.E.; Sellers K.K.; Zhou J.; Triplett M.; Lee K.; Tooker A.; Haque R.; Chang E.F.","Kleen, Jonathan K. (6507957423); Chung, Jason E. (57169255300); Sellers, Kristin K. (55882245200); Zhou, Jenny (57220083841); Triplett, Michael (57211868161); Lee, Kye (57223403682); Tooker, Angela (7801337847); Haque, Razi (24801831800); Chang, Edward F. (7401837635)","6507957423; 57169255300; 55882245200; 57220083841; 57211868161; 57223403682; 7801337847; 24801831800; 7401837635","Bidirectional propagation of low frequency oscillations over the human hippocampal surface","2021","Nature Communications","12","1","2764","","","","10.1038/s41467-021-22850-5","https://www.scopus.com/inward/record.uri?eid=2-s2.0-85105785594&doi=10.1038%2fs41467-021-22850-5&partnerID=40&md5=387e43fa1c4070c5e519ff776380abe4","20411723","","","33980852","Final","2-s2.0-85105785594"
"Rahman M.; Okamoto K.; Thompson R.; Katagiri A.; Bereiter D.A.","Rahman, Mostafeezur (57072337400); Okamoto, Keiichiro (7403901090); Thompson, Randall (55482233200); Katagiri, Ayano (47161239400); Bereiter, David A. (7004342514)","57072337400; 7403901090; 55482233200; 47161239400; 7004342514","Sensitization of trigeminal brainstem pathways in a model for tear deficient dry eye","2015","Pain","156","5","","942","950","8","10.1097/j.pain.0000000000000135","https://www.scopus.com/inward/record.uri?eid=2-s2.0-84964661984&doi=10.1097%2fj.pain.0000000000000135&partnerID=40&md5=14d99597d9d1e32646ce0796474952d6","03043959","","PAIND","25734990","Final","2-s2.0-84964661984"
"Popiel N.J.M.; Metrow C.; Laforge G.; Owen A.M.; Stojanoski B.; Soddu A.","Popiel, Nicholas J. M. (57216163531); Metrow, Colin (57218856171); Laforge, Geoffrey (57209604286); Owen, Adrian M. (7202052668); Stojanoski, Bobby (56001607400); Soddu, Andrea (10640027600)","57216163531; 57218856171; 57209604286; 7202052668; 56001607400; 10640027600","Exploring﻿ electroencephalography with a model inspired by quantum mechanics","2021","Scientific Reports","11","1","19771","","","","10.1038/s41598-021-97960-7","https://www.scopus.com/inward/record.uri?eid=2-s2.0-85116375873&doi=10.1038%2fs41598-021-97960-7&partnerID=40&md5=cf492a74a7d0e2bce4fccde2407a13e2","20452322","","","34611185","Final","2-s2.0-85116375873"
"Hasson U.; Nir Y.; Levy I.; Fuhrmann G.; Malach R.","Hasson, Uri (6603086997); Nir, Yuval (7005739841); Levy, Ifat (7103255374); Fuhrmann, Galit (7005737342); Malach, Rafael (7005863798)","6603086997; 7005739841; 7103255374; 7005737342; 7005863798","Intersubject Synchronization of Cortical Activity during Natural Vision","2004","Science","303","5664","","1634","1640","6","10.1126/science.1089506","https://www.scopus.com/inward/record.uri?eid=2-s2.0-1542618117&doi=10.1126%2fscience.1089506&partnerID=40&md5=05aace98be3c1f0d8ecc2ce2299cdca6","00368075","","SCIEA","15016991","Final","2-s2.0-1542618117"
"Abedini M.; Tekieh T.; Sasanpour P.","Abedini, Mitra (57203891431); Tekieh, Tahereh (56337100700); Sasanpour, Pezhman (35752561500)","57203891431; 56337100700; 35752561500","Recording neural activity based on surface plasmon resonance by optical fibers-a computational analysis","2018","Frontiers in Computational Neuroscience","12","","61","","","","10.3389/fncom.2018.00061","https://www.scopus.com/inward/record.uri?eid=2-s2.0-85053377635&doi=10.3389%2ffncom.2018.00061&partnerID=40&md5=9d6e98ff7b56ba628f027f23c750ba9f","16625188","","","","Final","2-s2.0-85053377635"
"Dini H.; Simonetti A.; Bruni L.E.","Dini, Hossein (57210580632); Simonetti, Aline (57211819253); Bruni, Luis Emilio (36338567900)","57210580632; 57211819253; 36338567900","Exploring the Neural Processes behind Narrative Engagement: An EEG Study","2023","eNeuro","10","7","ENEURO.0484-22.2023","","","","10.1523/ENEURO.0484-22.2023","https://www.scopus.com/inward/record.uri?eid=2-s2.0-85164914701&doi=10.1523%2fENEURO.0484-22.2023&partnerID=40&md5=fd85f9f60aaa1373a217ddbf07b81bce","23732822","","","37460223","Final","2-s2.0-85164914701"
"Razzicchia E.; Koutsoupidou M.; Cano-Garcia H.; Sotiriou I.; Kallos E.; Palikaras G.; Kosmas P.","Razzicchia, Eleonora (57209685216); Koutsoupidou, Maria (55569410800); Cano-Garcia, Helena (56980018700); Sotiriou, Ioannis (57195264593); Kallos, Efthymios (15060520300); Palikaras, George (6506114090); Kosmas, Panagiotis (6602644338)","57209685216; 55569410800; 56980018700; 57195264593; 15060520300; 6506114090; 6602644338","Metamaterial designs to enhance microwave imaging applications","2019","Proceedings of the 2019 21st International Conference on Electromagnetics in Advanced Applications, ICEAA 2019","","","8879106","147","150","3","10.1109/ICEAA.2019.8879106","https://www.scopus.com/inward/record.uri?eid=2-s2.0-85074932553&doi=10.1109%2fICEAA.2019.8879106&partnerID=40&md5=a65ea1c6608973b05253ba5a0797152c","","978-172810563-5","","","Final","2-s2.0-85074932553"
"Passaglia C.; Dodge F.; Herzog E.; Jackson S.; Barlow R.","Passaglia, Christopher (6603398825); Dodge, Frederick (7006013372); Herzog, Erik (7005487858); Jackson, Scott (55419796800); Barlow, Robert (7202096669)","6603398825; 7006013372; 7005487858; 55419796800; 7202096669","Deciphering a neural code for vision","1997","Proceedings of the National Academy of Sciences of the United States of America","94","23","","12649","12654","5","10.1073/pnas.94.23.12649","https://www.scopus.com/inward/record.uri?eid=2-s2.0-0030775382&doi=10.1073%2fpnas.94.23.12649&partnerID=40&md5=57e6a6340d89f0cac2de6cb4f7ecd894","00278424","","PNASA","9356504","Final","2-s2.0-0030775382"
"Sheng X.; Zhao W.; Li L.; Huang Y.; Ding H.","Sheng, Xing (35410337500); Zhao, Wenxin (58369429100); Li, Lizhu (57200295547); Huang, Yunxiang (57221274786); Ding, He (57200294389)","35410337500; 58369429100; 57200295547; 57221274786; 57200294389","Foundation of Brain-Machine Interfaces: Neurons and Diodes; [脑 机 接 口 技 术 的 基 础 研 究：神 经 元 与 二 极 管]","2023","Zhongguo Jiguang/Chinese Journal of Lasers","50","9","090730","","","","10.3788/CJL221562","https://www.scopus.com/inward/record.uri?eid=2-s2.0-85163175703&doi=10.3788%2fCJL221562&partnerID=40&md5=b0f2fd254bea5c879615846721831f8c","02587025","","ZHJID","","Final","2-s2.0-85163175703"
"Song F.; Lyu L.; Zhao J.; Bao M.","Song, Fangxing (57214440128); Lyu, Lili (57226677963); Zhao, Jiaxu (58105317000); Bao, Min (8570352300)","57214440128; 57226677963; 58105317000; 8570352300","The role of eye-specific attention in ocular dominance plasticity","2023","Cerebral Cortex","33","4","","983","996","13","10.1093/cercor/bhac116","https://www.scopus.com/inward/record.uri?eid=2-s2.0-85137318380&doi=10.1093%2fcercor%2fbhac116&partnerID=40&md5=e1e35ae3aa0208f767aaa1905aeda859","10473211","","CECOE","35332915","Final","2-s2.0-85137318380"
"Zhang Y.; Kim J.-H.; Brang D.; Liu Z.","Zhang, Yizhen (57199510173); Kim, Jung-Hoon (57221537810); Brang, David (23670197300); Liu, Zhongming (8511950700)","57199510173; 57221537810; 23670197300; 8511950700","Naturalistic stimuli: A paradigm for multiscale functional characterization of the human brain","2021","Current Opinion in Biomedical Engineering","19","","100298","","","","10.1016/j.cobme.2021.100298","https://www.scopus.com/inward/record.uri?eid=2-s2.0-85108429535&doi=10.1016%2fj.cobme.2021.100298&partnerID=40&md5=c4eb6b32c06a7d8233acd66b67020a4c","24684511","","","","Final","2-s2.0-85108429535"
"Allitt B.J.; Harris A.R.; Morgan S.J.; Clark G.M.; Paolini A.G.","Allitt, B.J. (55205979800); Harris, A.R. (55279515100); Morgan, S.J. (55207566800); Clark, G.M. (7402875119); Paolini, A.G. (35230424900)","55205979800; 55279515100; 55207566800; 7402875119; 35230424900","Thin-film micro-electrode stimulation of the cochlea in rats exposed to aminoglycoside induced hearing loss","2016","Hearing Research","331","","","13","26","13","10.1016/j.heares.2015.10.003","https://www.scopus.com/inward/record.uri?eid=2-s2.0-84945927151&doi=10.1016%2fj.heares.2015.10.003&partnerID=40&md5=05d9e3b1e1820f2b3f9eb233763305c7","03785955","","HERED","26471198","Final","2-s2.0-84945927151"
"Vachicouras N.; Tarabichi O.; Kanumuri V.V.; Tringides C.M.; Macron J.; Fallegger F.; Thenaisie Y.; Epprecht L.; McInturff S.; Qureshi A.A.; Paggi V.; Kuklinski M.W.; Christian Brown M.; Lee D.J.; Lacour S.P.","Vachicouras, Nicolas (55598821500); Tarabichi, Osama (57200552020); Kanumuri, Vivek V. (55609292900); Tringides, Christina M. (56543566100); Macron, Jennifer (57191274840); Fallegger, Florian (56638517200); Thenaisie, Yohann (57200114118); Epprecht, Lorenz (56671399600); McInturff, Stephen (57211312853); Qureshi, Ahad A. (57207830595); Paggi, Valentina (57211315291); Kuklinski, Martin W. (57201307783); Christian Brown, M. (8721495000); Lee, Daniel J. (55547132033); Lacour, Stéphanie P. (35583401000)","55598821500; 57200552020; 55609292900; 56543566100; 57191274840; 56638517200; 57200114118; 56671399600; 57211312853; 57207830595; 57211315291; 57201307783; 8721495000; 55547132033; 35583401000","Microstructured thin-film electrode technology enables proof of concept of scalable, soft auditory brainstem implants","2019","Science Translational Medicine","11","514","eaax9487","","","","10.1126/scitranslmed.aax9487","https://www.scopus.com/inward/record.uri?eid=2-s2.0-85073431021&doi=10.1126%2fscitranslmed.aax9487&partnerID=40&md5=d10b9dc803045fc354f7681124554692","19466234","","","31619546","Final","2-s2.0-85073431021"
"Kauppi J.-P.; Huttunen H.; Korkala H.; Jääskeläinen I.P.; Sams M.; Tohka J.","Kauppi, Jukka-Pekka (36788570400); Huttunen, Heikki (7004478798); Korkala, Heikki (57511256400); Jääskeläinen, Iiro P. (7006298797); Sams, Mikko (7005052732); Tohka, Jussi (6602349259)","36788570400; 7004478798; 57511256400; 7006298797; 7005052732; 6602349259","Face prediction from fMRI data during movie stimulus: Strategies for feature selection","2011","Lecture Notes in Computer Science (including subseries Lecture Notes in Artificial Intelligence and Lecture Notes in Bioinformatics)","6792 LNCS","PART 2","","189","196","7","10.1007/978-3-642-21738-8_25","https://www.scopus.com/inward/record.uri?eid=2-s2.0-79959358274&doi=10.1007%2f978-3-642-21738-8_25&partnerID=40&md5=f8afe83418739afb9204054c61bd86bf","16113349","978-364221737-1","","","Final","2-s2.0-79959358274"
"Neven H.; Aertsen A.","Neven, Hartmut (56624989700); Aertsen, Ad (7004250093)","56624989700; 7004250093","Rate coherence and event coherence in the visual cortex: a neuronal model of object recognition","1992","Biological Cybernetics","67","4","","309","322","13","10.1007/BF02414887","https://www.scopus.com/inward/record.uri?eid=2-s2.0-0026483989&doi=10.1007%2fBF02414887&partnerID=40&md5=a068d6b1dad050e24997331e197d4445","14320770","","BICYA","1515510","Final","2-s2.0-0026483989"
"Maynard E.M.; Fernandez E.; Normann R.A.","Maynard, Edwin M. (7006517364); Fernandez, Eduardo (23389210100); Normann, Richard A. (7007113176)","7006517364; 23389210100; 7007113176","A technique to prevent dural adhesions to chronically implanted microelectrode arrays","2000","Journal of Neuroscience Methods","97","2","","93","101","8","10.1016/S0165-0270(00)00159-X","https://www.scopus.com/inward/record.uri?eid=2-s2.0-0034655830&doi=10.1016%2fS0165-0270%2800%2900159-X&partnerID=40&md5=ed699c79be110139727cb16d304ff39a","01650270","","JNMED","10788663","Final","2-s2.0-0034655830"
"Zheng W.-L.; Shi Z.-F.; Lv B.-L.","Zheng, Wei-Long (56377405900); Shi, Zhen-Feng (57195525277); Lv, Bao-Liang (55486868700)","56377405900; 57195525277; 55486868700","Building Cross-Subject EEG-Based Affective Models Using Heterogeneous Transfer Learning; [用异质迁移学习构建跨被试脑电情感模型]","2020","Jisuanji Xuebao/Chinese Journal of Computers","43","2","","177","189","12","10.11897/SP.J.1016.2020.00177","https://www.scopus.com/inward/record.uri?eid=2-s2.0-85084803199&doi=10.11897%2fSP.J.1016.2020.00177&partnerID=40&md5=22e9bc6e79c786cc769d759f3bf2b0d8","02544164","","JIXUD","","Final","2-s2.0-85084803199"
"Wang L.; Hu X.; Ren Y.; Lv J.; Zhao S.; Guo L.; Liu T.; Han J.","Wang, Liting (57194832125); Hu, Xintao (56177187200); Ren, Yudan (57190221331); Lv, Jinglei (58131694200); Zhao, Shijie (56014643800); Guo, Lei (56428255600); Liu, Tianming (57203377182); Han, Junwei (24450644400)","57194832125; 56177187200; 57190221331; 58131694200; 56014643800; 56428255600; 57203377182; 24450644400","Arousal modulates the amygdala-insula reciprocal connectivity during naturalistic emotional movie watching","2023","NeuroImage","279","","120316","","","","10.1016/j.neuroimage.2023.120316","https://www.scopus.com/inward/record.uri?eid=2-s2.0-85168602506&doi=10.1016%2fj.neuroimage.2023.120316&partnerID=40&md5=8ee4626c450ea9d3198cba466a677c3f","10538119","","NEIME","37562718","Final","2-s2.0-85168602506"
"Eickhoff S.B.; Milham M.; Vanderwal T.","Eickhoff, Simon B. (9742676000); Milham, Michael (6701672014); Vanderwal, Tamara (24177629100)","9742676000; 6701672014; 24177629100","Towards clinical applications of movie fMRI","2020","NeuroImage","217","","116860","","","","10.1016/j.neuroimage.2020.116860","https://www.scopus.com/inward/record.uri?eid=2-s2.0-85085148939&doi=10.1016%2fj.neuroimage.2020.116860&partnerID=40&md5=551321d1e3cfac1c8cf1d512c92901e4","10538119","","NEIME","32376301","Final","2-s2.0-85085148939"
"Dmochowski J.P.; Ki J.J.; DeGuzman P.; Sajda P.; Parra L.C.","Dmochowski, Jacek P. (35742934900); Ki, Jason J. (57162856400); DeGuzman, Paul (56176906700); Sajda, Paul (57204342918); Parra, Lucas C. (7006251470)","35742934900; 57162856400; 56176906700; 57204342918; 7006251470","Extracting multidimensional stimulus-response correlations using hybrid encoding-decoding of neural activity","2018","NeuroImage","180","","","134","146","12","10.1016/j.neuroimage.2017.05.037","https://www.scopus.com/inward/record.uri?eid=2-s2.0-85020034193&doi=10.1016%2fj.neuroimage.2017.05.037&partnerID=40&md5=dfac6b6bea7ab15c67e3c00664b631cf","10538119","","NEIME","28545933","Final","2-s2.0-85020034193"
"Aliev V.S.; Bortnikov S.G.; Karakotsky A.G.; Litvintsev V.I.","Aliev, Vladimir Sh. (35557561900); Bortnikov, Sergey G. (36627876100); Karakotsky, Anton G. (57211857824); Litvintsev, Valentin I. (57217211301)","35557561900; 36627876100; 57211857824; 57217211301","Modeling of VO2Relaxation Oscillator in the Fast-Slow System Approximation","2022","IEEE Transactions on Electron Devices","69","2","","715","721","6","10.1109/TED.2021.3135802","https://www.scopus.com/inward/record.uri?eid=2-s2.0-85122318476&doi=10.1109%2fTED.2021.3135802&partnerID=40&md5=7bde6fb9204ae9d87794a9df48e76ce3","00189383","","IETDA","","Final","2-s2.0-85122318476"
"Alain C.; Schuler B.M.; McDonald K.L.","Alain, Claude (7006562076); Schuler, Benjamin M. (7004458055); McDonald, Kelly L. (7202491383)","7006562076; 7004458055; 7202491383","Neural activity associated with distinguishing concurrent auditory objects","2002","Journal of the Acoustical Society of America","111","2","","990","995","5","10.1121/1.1434942","https://www.scopus.com/inward/record.uri?eid=2-s2.0-0036161097&doi=10.1121%2f1.1434942&partnerID=40&md5=ecbc2b090041e9f5cecda8f6ef8358b9","00014966","","JASMA","11863201","Final","2-s2.0-0036161097"
"Rudolph M.; Ruiz F.J.R.; Mandt S.; Blei D.M.","Rudolph, Maja (57220710777); Ruiz, Francisco J.R. (54783305900); Mandt, Stephan (35272748600); Blei, David M. (55914504500)","57220710777; 54783305900; 35272748600; 55914504500","Exponential family embeddings","2016","Advances in Neural Information Processing Systems","","","","478","486","8","","https://www.scopus.com/inward/record.uri?eid=2-s2.0-85019220689&partnerID=40&md5=b3c1777a310031504c7f49d6f7eb77b5","10495258","","","","Final","2-s2.0-85019220689"
"Marinkovic K.; Beaton L.E.; Rosen B.Q.; Happer J.P.; Wagner L.C.","Marinkovic, Ksenija (24289847700); Beaton, Lauren E. (57200247441); Rosen, Burke Q. (7202720824); Happer, Joseph P. (55486203500); Wagner, Laura C. (57206894708)","24289847700; 57200247441; 7202720824; 55486203500; 57206894708","Disruption of Frontal Lobe Neural Synchrony During Cognitive Control by Alcohol Intoxication","2019","Journal of Visualized Experiments","2019","144","e58839","","","","10.3791/58839","https://www.scopus.com/inward/record.uri?eid=2-s2.0-85062080939&doi=10.3791%2f58839&partnerID=40&md5=d52a9dbe8cd52c4146c62c2c1241e314","1940087X","","","30799848","Final","2-s2.0-85062080939"
"Tsytsarev V.; Akkenti F.; Pumbo E.; Tang Q.; Chen Y.; Erzurumlu R.S.; Papkovsky D.B.","Tsytsarev, Vassiliy (8325867500); Akkenti, Fatih (36472943200); Pumbo, Elena (23490067500); Tang, Qinggong (56307929300); Chen, Yu (56029024600); Erzurumlu, Reha S. (7004064310); Papkovsky, Dmitri B. (7003538384)","8325867500; 36472943200; 23490067500; 56307929300; 56029024600; 7004064310; 7003538384","Planar implantable sensor for in vivo measurement of cellular oxygen metabolism in brain tissue","2017","Journal of Neuroscience Methods","281","","","1","6","5","10.1016/j.jneumeth.2017.02.005","https://www.scopus.com/inward/record.uri?eid=2-s2.0-85013633165&doi=10.1016%2fj.jneumeth.2017.02.005&partnerID=40&md5=8f3be994fe04eab27f1ec56b3c4a776c","01650270","","JNMED","28219725","Final","2-s2.0-85013633165"
"Bernacchia A.; Amit D.J.","Bernacchia, Alberto (8394280600); Amit, Daniel J. (7003377165)","8394280600; 7003377165","Impact of spatiotemporally correlated images on the structure of memory","2007","Proceedings of the National Academy of Sciences of the United States of America","104","9","","3544","3549","5","10.1073/pnas.0611395104","https://www.scopus.com/inward/record.uri?eid=2-s2.0-33847645818&doi=10.1073%2fpnas.0611395104&partnerID=40&md5=6da6d920c4ec634d10d77169f3dab762","00278424","","PNASA","17360679","Final","2-s2.0-33847645818"
"Oizumi M.; Ishii T.; Ishibashi K.; Hosoya T.; Okada M.","Oizumi, Masafumi (16231088400); Ishii, Toshiyuki (7404051677); Ishibashi, Kazuya (36796681900); Hosoya, Toshihiko (7102016121); Okada, Masato (55229626500)","16231088400; 7404051677; 36796681900; 7102016121; 55229626500","A general framework for investigating how far the decoding process in the brain can be simplified","2009","Advances in Neural Information Processing Systems 21 - Proceedings of the 2008 Conference","","","","1225","1232","7","","https://www.scopus.com/inward/record.uri?eid=2-s2.0-74349105089&partnerID=40&md5=7361ec4790bab092bf7826c5625f5a18","","978-160560949-2","","","Final","2-s2.0-74349105089"
"Liu H.; Hu X.; Ren Y.; Wang L.; Guo L.; Guo C.C.; Han J.","Liu, Huan (57194836907); Hu, Xintao (56177187200); Ren, Yudan (57190221331); Wang, Liting (57194832125); Guo, Lei (56428255600); Guo, Christine Cong (55233468300); Han, Junwei (24450644400)","57194836907; 56177187200; 57190221331; 57194832125; 56428255600; 55233468300; 24450644400","Neural Correlates of Interobserver Visual Congruency in Free-Viewing Condition","2021","IEEE Transactions on Cognitive and Developmental Systems","13","3","9119136","546","554","8","10.1109/TCDS.2020.3002765","https://www.scopus.com/inward/record.uri?eid=2-s2.0-85086742337&doi=10.1109%2fTCDS.2020.3002765&partnerID=40&md5=97f30a3404634d4436ce555321f92aa3","23798920","","","","Final","2-s2.0-85086742337"
"Lee H.; Bellana B.; Chen J.","Lee, Hongmi (57189520791); Bellana, Buddhika (55510176800); Chen, Janice (35114540200)","57189520791; 55510176800; 35114540200","What can narratives tell us about the neural bases of human memory?","2020","Current Opinion in Behavioral Sciences","32","","","111","119","8","10.1016/j.cobeha.2020.02.007","https://www.scopus.com/inward/record.uri?eid=2-s2.0-85083337491&doi=10.1016%2fj.cobeha.2020.02.007&partnerID=40&md5=6c19b0a15d08e70fa353f8b0a542601f","23521546","","","","Final","2-s2.0-85083337491"
"Lee C.S.; Aly M.; Baldassano C.","Lee, Caroline S. (57221320894); Aly, Mariam (36508478600); Baldassano, Christopher (55355508800)","57221320894; 36508478600; 55355508800","Anticipation of temporally structured events in the brain","2021","eLife","10","","e64972","","","","10.7554/ELIFE.64972","https://www.scopus.com/inward/record.uri?eid=2-s2.0-85105751074&doi=10.7554%2fELIFE.64972&partnerID=40&md5=457944f8d64d044320adfa5b6f280ec6","2050084X","","","33884953","Final","2-s2.0-85105751074"
"Malinen S.; Hari R.","Malinen, Sanna (57193691672); Hari, Riitta (7102904433)","57193691672; 7102904433","Data-based functional template for sorting independent components of fMRI activity","2011","Neuroscience Research","71","4","","369","376","7","10.1016/j.neures.2011.08.014","https://www.scopus.com/inward/record.uri?eid=2-s2.0-81055157700&doi=10.1016%2fj.neures.2011.08.014&partnerID=40&md5=6dd1a0a5fbe24f08a58b760c8e59def5","18728111","","NERAD","21925216","Final","2-s2.0-81055157700"
"Magland J.F.; Tjoa C.W.; Childress A.R.","Magland, Jeremy F. (9045298600); Tjoa, Christopher W. (6603489797); Childress, Anna Rose (35400894200)","9045298600; 6603489797; 35400894200","Spatio-temporal activity in real time (STAR): Optimization of regional fMRI feedback","2011","NeuroImage","55","3","","1044","1053","9","10.1016/j.neuroimage.2010.12.085","https://www.scopus.com/inward/record.uri?eid=2-s2.0-79952072189&doi=10.1016%2fj.neuroimage.2010.12.085&partnerID=40&md5=c4cf56f1f8ff2fd44ce1624e1558df62","10538119","","NEIME","21232612","Final","2-s2.0-79952072189"
"Clements I.P.; Mukhatyar V.J.; Srinivasan A.; Bentley J.T.; Andreasen D.S.; Bellamkonda R.V.","Clements, Isaac P. (21742045700); Mukhatyar, Vivek J. (15838458000); Srinivasan, Akhil (43061648700); Bentley, John T. (55798655100); Andreasen, Dinal S. (8692369700); Bellamkonda, Ravi V. (7003809677)","21742045700; 15838458000; 43061648700; 55798655100; 8692369700; 7003809677","Regenerative scaffold electrodes for peripheral nerve interfacing","2013","IEEE Transactions on Neural Systems and Rehabilitation Engineering","21","4","6316178","554","566","12","10.1109/TNSRE.2012.2217352","https://www.scopus.com/inward/record.uri?eid=2-s2.0-84880434931&doi=10.1109%2fTNSRE.2012.2217352&partnerID=40&md5=9b791ca9cc9fb8b9204db36a9a7e4ad0","15344320","","ITNSB","23033438","Final","2-s2.0-84880434931"
"Shibue R.; Komaki F.","Shibue, Ryohei (57201319632); Komaki, Fumiyasu (57224137330)","57201319632; 57224137330","Deconvolution of calcium imaging data using marked point processes","2020","PLoS Computational Biology","16","3","e1007650","","","","10.1371/journal.pcbi.1007650","https://www.scopus.com/inward/record.uri?eid=2-s2.0-85082342517&doi=10.1371%2fjournal.pcbi.1007650&partnerID=40&md5=1770fda6d251d4137da4ef470f397701","1553734X","","","32163407","Final","2-s2.0-85082342517"
"Cowley B.R.; Kaufman M.T.; Butler Z.S.; Churchland M.M.; Ryu S.I.; Shenoy K.V.; Yu B.M.","Cowley, Benjamin R. (57023601500); Kaufman, Matthew T. (36486717300); Butler, Zachary S. (55948043900); Churchland, Mark M. (6602835141); Ryu, Stephen I. (7402110769); Shenoy, Krishna V. (7007041156); Yu, Byron M. (7402092839)","57023601500; 36486717300; 55948043900; 6602835141; 7402110769; 7007041156; 7402092839","DataHigh: Graphical user interface for visualizing and interacting with high-dimensional neural activity","2013","Journal of Neural Engineering","10","6","066012","","","","10.1088/1741-2560/10/6/066012","https://www.scopus.com/inward/record.uri?eid=2-s2.0-84888989030&doi=10.1088%2f1741-2560%2f10%2f6%2f066012&partnerID=40&md5=3ef87ba5b6f8ae156c841a9d743c514c","17412552","","","24216250","Final","2-s2.0-84888989030"
"Miyapuram K.P.; Pamnani U.; Doya K.; Bapi R.S.","Miyapuram, Krishna Prasad (12139624500); Pamnani, Ujjval (56493015100); Doya, Kenji (7004163287); Bapi, Raju S. (57202447500)","12139624500; 56493015100; 7004163287; 57202447500","Inter Subject Correlation of Brain Activity during Visuo-Motor Sequence learning","2014","Lecture Notes in Computer Science (including subseries Lecture Notes in Artificial Intelligence and Lecture Notes in Bioinformatics)","8834","","","35","41","6","10.1007/978-3-319-12637-1_5","https://www.scopus.com/inward/record.uri?eid=2-s2.0-84921635921&doi=10.1007%2f978-3-319-12637-1_5&partnerID=40&md5=d1adf83d49a3331ac8de900703a1305d","03029743","","","","Final","2-s2.0-84921635921"
"D'Angiulli A.; Kirby M.F.; Pham D.A.T.; Goldfield G.","D'Angiulli, Amedeo (6701841705); Kirby, Matthew F. (37101989900); Pham, Dao A.T. (57215078778); Goldfield, Gary (6602989160)","6701841705; 37101989900; 57215078778; 6602989160","Making movies of children's cortical electrical potentials: A practical procedure for dynamic source localization analysis with validating simulation","2023","Brain Multiphysics","4","","100064","","","","10.1016/j.brain.2023.100064","https://www.scopus.com/inward/record.uri?eid=2-s2.0-85149382433&doi=10.1016%2fj.brain.2023.100064&partnerID=40&md5=4582bde6e534abc0301507cf1a2af8fd","26665220","","","","Final","2-s2.0-85149382433"
"Betti V.; Zappasodi F.; Rossini P.M.; Aglioti S.M.; Tecchio F.","Betti, Viviana (23501031500); Zappasodi, Filippo (6602811294); Rossini, Paolo Maria (36040393500); Aglioti, Salvatore Maria (7007006465); Tecchio, Franca (7003376824)","23501031500; 6602811294; 36040393500; 7007006465; 7003376824","Synchronous with your feelings: Sensorimotor γ band and empathy for pain","2009","Journal of Neuroscience","29","40","","12384","12392","8","10.1523/JNEUROSCI.2759-09.2009","https://www.scopus.com/inward/record.uri?eid=2-s2.0-70349869254&doi=10.1523%2fJNEUROSCI.2759-09.2009&partnerID=40&md5=6f623804bdde7d05b850aafea86ab465","15292401","","JNRSD","19812314","Final","2-s2.0-70349869254"
"Fallegger F.; Schiavone G.; Pirondini E.; Wagner F.B.; Vachicouras N.; Serex L.; Zegarek G.; May A.; Constanthin P.; Palma M.; Khoshnevis M.; Van Roost D.; Yvert B.; Courtine G.; Schaller K.; Bloch J.; Lacour S.P.","Fallegger, Florian (56638517200); Schiavone, Giuseppe (50761344800); Pirondini, Elvira (55516134100); Wagner, Fabien B. (7402013384); Vachicouras, Nicolas (55598821500); Serex, Ludovic (56845669100); Zegarek, Gregory (42263204300); May, Adrien (57205711644); Constanthin, Paul (56768092100); Palma, Marie (57219512622); Khoshnevis, Mehrdad (57193649604); Van Roost, Dirk (7004523323); Yvert, Blaise (6602521727); Courtine, Grégoire (6602616445); Schaller, Karl (57197218382); Bloch, Jocelyne (7103094886); Lacour, Stéphanie P. (35583401000)","56638517200; 50761344800; 55516134100; 7402013384; 55598821500; 56845669100; 42263204300; 57205711644; 56768092100; 57219512622; 57193649604; 7004523323; 6602521727; 6602616445; 57197218382; 7103094886; 35583401000","MRI-Compatible and Conformal Electrocorticography Grids for Translational Research","2021","Advanced Science","8","9","2003761","","","","10.1002/advs.202003761","https://www.scopus.com/inward/record.uri?eid=2-s2.0-85102191004&doi=10.1002%2fadvs.202003761&partnerID=40&md5=2972c1b05a93bd0182b8eb3f3c3e124b","21983844","","","33977054","Final","2-s2.0-85102191004"
"Oizumi M.; Ishii T.; Ishibashi K.; Hosoya T.; Okada M.","Oizumi, Masafumi (16231088400); Ishii, Toshiyuki (7404051677); Ishibashi, Kazuya (36796681900); Hosoya, Toshihiko (7102016121); Okada, Masato (55229626500)","16231088400; 7404051677; 36796681900; 7102016121; 55229626500","Mismatched decoding in the brain","2010","Journal of Neuroscience","30","13","","4815","4826","11","10.1523/JNEUROSCI.4360-09.2010","https://www.scopus.com/inward/record.uri?eid=2-s2.0-77950648337&doi=10.1523%2fJNEUROSCI.4360-09.2010&partnerID=40&md5=76f10c603d3222de68c5872cd7b8922f","15292401","","JNRSD","20357132","Final","2-s2.0-77950648337"
"Laufer J.; Zhang E.; Raivich G.; Beard P.","Laufer, Jan (7005864579); Zhang, Edward (7102686951); Raivich, Gennadij (35373101700); Beard, Paul (7006238023)","7005864579; 7102686951; 35373101700; 7006238023","Three-dimensional noninvasive imaging of the vasculature in the mouse brain using a high resolution photoacoustic scanner","2009","Applied Optics","48","10","","D299","D306","7","10.1364/AO.48.00D299","https://www.scopus.com/inward/record.uri?eid=2-s2.0-65249187306&doi=10.1364%2fAO.48.00D299&partnerID=40&md5=d74dbf7c62c7f2dfebcc5163268759d5","1559128X","","APOPA","19340121","Final","2-s2.0-65249187306"
"Sato Y.; Yamamoto H.; Kato H.; Tanii T.; Sato S.; Hirano-Iwata A.","Sato, Yuya (57701206300); Yamamoto, Hideaki (55725333800); Kato, Hideyuki (57703066000); Tanii, Takashi (7006919839); Sato, Shigeo (55948143800); Hirano-Iwata, Ayumi (7202621197)","57701206300; 55725333800; 57703066000; 7006919839; 55948143800; 7202621197","Microfluidic cell engineering on high-density microelectrode arrays for assessing structure-function relationships in living neuronal networks","2023","Frontiers in Neuroscience","16","","943310","","","","10.3389/fnins.2022.943310","https://www.scopus.com/inward/record.uri?eid=2-s2.0-85146898135&doi=10.3389%2ffnins.2022.943310&partnerID=40&md5=879d0ff920c00d51d2df34440a3a127d","16624548","","","","Final","2-s2.0-85146898135"
"Kim J.U.; Park H.; Ok J.; Lee J.; Jung W.; Kim J.; Kim J.; Kim S.; Kim Y.H.; Suh M.; Kim T.-I.","Kim, Jong Uk (58348843600); Park, Hyejin (57189661317); Ok, Jehyung (57210433503); Lee, Juheon (57207695093); Jung, Woojin (57203260093); Kim, Jiwon (57698581800); Kim, Jaehyun (57221538327); Kim, Suhyeon (57566828100); Kim, Yong Ho (56159008300); Suh, Minah (7103253887); Kim, Tae-Il (57193116570)","58348843600; 57189661317; 57210433503; 57207695093; 57203260093; 57698581800; 57221538327; 57566828100; 56159008300; 7103253887; 57193116570","Cerebrospinal Fluid-philic and Biocompatibility-Enhanced Soft Cranial Window for Long-Term in Vivo Brain Imaging","2022","ACS Applied Materials and Interfaces","14","13","","15035","15046","11","10.1021/acsami.2c01929","https://www.scopus.com/inward/record.uri?eid=2-s2.0-85127914316&doi=10.1021%2facsami.2c01929&partnerID=40&md5=0628d18066ce8af7be96a070da9a7cff","19448244","","","35344336","Final","2-s2.0-85127914316"
"Ramirez-Moreno D.F.; Schwartz O.; Ramirez-Villegas J.F.","Ramirez-Moreno, David F. (35753316200); Schwartz, Odelia (7006284113); Ramirez-Villegas, Juan F. (35753748000)","35753316200; 7006284113; 35753748000","A saliency-based bottom-up visual attention model for dynamic scenes analysis","2013","Biological Cybernetics","107","2","","141","160","19","10.1007/s00422-012-0542-2","https://www.scopus.com/inward/record.uri?eid=2-s2.0-84876288269&doi=10.1007%2fs00422-012-0542-2&partnerID=40&md5=80e97c0ca07390fcb5781ca8a3b5f2af","14320770","","BICYA","23314730","Final","2-s2.0-84876288269"
"Olshausen B.A.","Olshausen, Bruno A. (7003724920)","7003724920","Sparse coding of time-varying natural images","2002","Journal of Vision","2","7","","130a","","","10.1167/2.7.130","https://www.scopus.com/inward/record.uri?eid=2-s2.0-4243123982&doi=10.1167%2f2.7.130&partnerID=40&md5=b4f9c80b4fe6d05a696703dcfd0d01c1","15347362","","","","Final","2-s2.0-4243123982"
"Kasiviswanathan U.; Kumar C.; Poddar S.; Jit S.; Sharma N.; Mahto S.K.","Kasiviswanathan, Uvanesh (57204616675); Kumar, Chandan (57202553231); Poddar, Suruchi (57201195387); Jit, Satyabrata (55931769800); Sharma, Neeraj (57199924854); Mahto, Sanjeev Kumar (25628155400)","57204616675; 57202553231; 57201195387; 55931769800; 57199924854; 25628155400","Functional Behavior of the Primary Cortical Neuronal Cells on the Large Surface of TiO and SnO Based Biosensing Device","2021","IEEE Transactions on Nanobioscience","20","2","9351974","138","145","7","10.1109/TNB.2021.3058332","https://www.scopus.com/inward/record.uri?eid=2-s2.0-85100847708&doi=10.1109%2fTNB.2021.3058332&partnerID=40&md5=3fc1bb1fb3014df5aa9331ece59df245","15361241","","","33566763","Final","2-s2.0-85100847708"
"Fisher R.S.; Acharya J.N.; Baumer F.M.; French J.A.; Parisi P.; Solodar J.H.; Szaflarski J.P.; Thio L.L.; Tolchin B.; Wilkins A.J.; Kasteleijn-Nolst Trenité D.","Fisher, Robert S. (56831448600); Acharya, Jayant N. (7003707952); Baumer, Fiona Mitchell (56000405800); French, Jacqueline A. (7403331164); Parisi, Pasquale (55394665600); Solodar, Jessica H. (56124377300); Szaflarski, Jerzy P. (7003541302); Thio, Liu Lin (6603697001); Tolchin, Benjamin (36897963200); Wilkins, Arnold J. (7101620795); Kasteleijn-Nolst Trenité, Dorothée (7004212422)","56831448600; 7003707952; 56000405800; 7403331164; 55394665600; 56124377300; 7003541302; 6603697001; 36897963200; 7101620795; 7004212422","Visually sensitive seizures: An updated review by the Epilepsy Foundation","2022","Epilepsia","63","4","","739","768","29","10.1111/epi.17175","https://www.scopus.com/inward/record.uri?eid=2-s2.0-85124545756&doi=10.1111%2fepi.17175&partnerID=40&md5=665271a4c8542b18165a35cf63fc5b11","00139580","","EPILA","35132632","Final","2-s2.0-85124545756"
"Endrass T.; Mohr B.; Pulvermüller F.","Endrass, Tanja (7801649861); Mohr, Bettina (16740853000); Pulvermüller, Friedemann (7006014322)","7801649861; 16740853000; 7006014322","Enhanced mismatch negativity brain response after binaural word presentation","2004","European Journal of Neuroscience","19","6","","1653","1660","7","10.1111/j.1460-9568.2004.03247.x","https://www.scopus.com/inward/record.uri?eid=2-s2.0-1842608371&doi=10.1111%2fj.1460-9568.2004.03247.x&partnerID=40&md5=e928f62c8e504a4c46450f65743fb1d4","0953816X","","EJONE","15066161","Final","2-s2.0-1842608371"
"Valeriani M.; Betti V.; Le Pera D.; De Armas L.; Miliucci R.; Restuccia D.; Avenanti A.; Aglioti S.M.","Valeriani, Massimiliano (7006184222); Betti, Viviana (23501031500); Le Pera, Domenica (7004704730); De Armas, Liala (6603512635); Miliucci, Roberto (24076843500); Restuccia, Domenico (56223389400); Avenanti, Alessio (9742712000); Aglioti, Salvatore Maria (7007006465)","7006184222; 23501031500; 7004704730; 6603512635; 24076843500; 56223389400; 9742712000; 7007006465","Seeing the pain of others while being in pain: A laser-evoked potentials study","2008","NeuroImage","40","3","","1419","1428","9","10.1016/j.neuroimage.2007.12.056","https://www.scopus.com/inward/record.uri?eid=2-s2.0-40849106453&doi=10.1016%2fj.neuroimage.2007.12.056&partnerID=40&md5=50e0eb5aefe102fc3b6e2fc0dfd4916b","10538119","","NEIME","18291679","Final","2-s2.0-40849106453"
"Jiang X.-D.; Li M.-C.; Guo R.-K.; Wang J.-M.","Jiang, Xiang-Dong (7404627027); Li, Ming-Cheng (57212535779); Guo, Rui-Kang (57217579475); Wang, Ji-Min (7701309325)","7404627027; 57212535779; 57217579475; 7701309325","Structure and optical properties of co-sputtered amorphous silicon tin alloy films for NIR-II region sensor","2019","Materials","12","24","4076","","","","10.3390/ma1224076","https://www.scopus.com/inward/record.uri?eid=2-s2.0-85078933004&doi=10.3390%2fma1224076&partnerID=40&md5=ae2bf300369c4536bcda9c95a959f217","19961944","","","","Final","2-s2.0-85078933004"
"Mukamel R.; Nir Y.; Harel M.; Arieli A.; Malach R.; Fried I.","Mukamel, Roy (16444928300); Nir, Yuval (7005739841); Harel, Michal (7006218438); Arieli, Amos (7005450785); Malach, Rafael (7005863798); Fried, Itzhak (7006553962)","16444928300; 7005739841; 7006218438; 7005450785; 7005863798; 7006553962","Invariance of firing rate and field potential dynamics to stimulus modulation rate in human auditory cortex","2011","Human Brain Mapping","32","8","","1181","1193","12","10.1002/hbm.21100","https://www.scopus.com/inward/record.uri?eid=2-s2.0-79960110781&doi=10.1002%2fhbm.21100&partnerID=40&md5=6a7029dff59e9bf2139137a1ecc0d750","10970193","","HBMAE","20665720","Final","2-s2.0-79960110781"
"St-Laurent M.; Rosenbaum R.S.; Olsen R.K.; Buchsbaum B.R.","St-Laurent, Marie (26642253700); Rosenbaum, R. Shayna (7101994955); Olsen, Rosanna K. (7402077814); Buchsbaum, Bradley R. (6603141576)","26642253700; 7101994955; 7402077814; 6603141576","Representation of viewed and recalled film clips in patterns of brain activity in a person with developmental amnesia","2020","Neuropsychologia","142","","107436","","","","10.1016/j.neuropsychologia.2020.107436","https://www.scopus.com/inward/record.uri?eid=2-s2.0-85082202680&doi=10.1016%2fj.neuropsychologia.2020.107436&partnerID=40&md5=d938d29813ca8540fab30d7780bc6093","00283932","","NUPSA","32194085","Final","2-s2.0-85082202680"
"Yu S.B.; Baek J.; Choi M.; Oh Y.; Lee H.R.; Yu S.J.; Lee E.; Sohn J.-W.; Im S.G.; Jon S.","Yu, Seungyoon B. (56843975700); Baek, Jieung (56689184900); Choi, Minsuk (56043487400); Oh, Youjin (57191406749); Lee, Hak Rae (56340490400); Yu, Seung Jung (55736497600); Lee, Eunjung (57225886025); Sohn, Jong-Woo (13306448200); Im, Sung Gap (14420979700); Jon, Sangyong (17233703100)","56843975700; 56689184900; 56043487400; 57191406749; 56340490400; 55736497600; 57225886025; 13306448200; 14420979700; 17233703100","Polymer Thin Films with Tunable Acetylcholine-like Functionality Enable Long-Term Culture of Primary Hippocampal Neurons","2016","ACS Nano","10","11","","9909","9918","9","10.1021/acsnano.6b03527","https://www.scopus.com/inward/record.uri?eid=2-s2.0-84997403747&doi=10.1021%2facsnano.6b03527&partnerID=40&md5=7ed70d9ce7a16e39472bfa61f96a5ac8","19360851","","","27792310","Final","2-s2.0-84997403747"
"Schmidtlein C.R.; Turner J.N.; Thompson M.O.; Mandal K.C.; Häggström I.; Zhang J.; Humm J.L.; Feiglin D.H.; Krol A.","Schmidtlein, C.R. (8602739500); Turner, J.N. (7404250594); Thompson, M.O. (35430272500); Mandal, K.C. (35554683100); Häggström, I. (36106910800); Zhang, J. (57206848930); Humm, J.L. (7005092148); Feiglin, D.H. (7004324671); Krol, A. (7103411317)","8602739500; 7404250594; 35430272500; 35554683100; 36106910800; 57206848930; 7005092148; 7004324671; 7103411317","Performance modeling of a wearable brain PET (BET) camera","2016","Progress in Biomedical Optics and Imaging - Proceedings of SPIE","9788","","978806","","","","10.1117/12.2217020","https://www.scopus.com/inward/record.uri?eid=2-s2.0-84978863280&doi=10.1117%2f12.2217020&partnerID=40&md5=fdb06639b5da5ff402ad83f375f15ffc","16057422","978-151060023-2","","","Final","2-s2.0-84978863280"
"Tateno T.; Nishikawa J.; Tsuchioka N.; Shintaku H.; Kawano S.","Tateno, Takashi (7006831936); Nishikawa, Jun (55410868800); Tsuchioka, Nobuyoshi (36807322300); Shintaku, Hirofumi (23767292500); Kawano, Satoyuki (56192450900)","7006831936; 55410868800; 36807322300; 23767292500; 56192450900","A hardware model of the auditory periphery to transduce acoustic signals into neural activity","2013","Frontiers in Neuroengineering","","NOV","12","","","","10.3389/fneng.2013.00012","https://www.scopus.com/inward/record.uri?eid=2-s2.0-84888419596&doi=10.3389%2ffneng.2013.00012&partnerID=40&md5=ef13515110cea12e08bc3858ecfa1c79","16626443","","","","Final","2-s2.0-84888419596"
"Chakraborty B.","Chakraborty, Bitan (57204157655)","57204157655","Electrochemical Properties of Sputtered Ruthenium Oxide Neural Stimulation and Recording Electrodes","2023","Electrochem","4","3","","350","364","14","10.3390/electrochem4030023","https://www.scopus.com/inward/record.uri?eid=2-s2.0-85172198483&doi=10.3390%2felectrochem4030023&partnerID=40&md5=aa630a02e263baf74495e508653b66e2","26733293","","","","Final","2-s2.0-85172198483"
"Sugiura A.; Silverstein B.H.; Jeong J.-W.; Nakai Y.; Sonoda M.; Motoi H.; Asano E.","Sugiura, Ayaka (58573696800); Silverstein, Brian H. (56841322500); Jeong, Jeong-Won (8400939800); Nakai, Yasuo (57193775715); Sonoda, Masaki (56577682400); Motoi, Hirotaka (55969030100); Asano, Eishi (7004067697)","58573696800; 56841322500; 8400939800; 57193775715; 56577682400; 55969030100; 7004067697","Four-dimensional map of direct effective connectivity from posterior visual areas","2020","NeuroImage","210","","116548","","","","10.1016/j.neuroimage.2020.116548","https://www.scopus.com/inward/record.uri?eid=2-s2.0-85078210162&doi=10.1016%2fj.neuroimage.2020.116548&partnerID=40&md5=1349fd9c6772d51ff75be21ce0463091","10538119","","NEIME","31958582","Final","2-s2.0-85078210162"
"Clark I.A.; Mackay C.E.","Clark, Ian A. (55597134100); Mackay, Clare E. (7103036598)","55597134100; 7103036598","Mental imagery and post-traumatic stress disorder: A neuroimaging and experimental psychopathology approach to intrusive memories of trauma","2015","Frontiers in Psychiatry","6","JUL","104","","","","10.3389/fpsyt.2015.00104","https://www.scopus.com/inward/record.uri?eid=2-s2.0-84940101279&doi=10.3389%2ffpsyt.2015.00104&partnerID=40&md5=debc24dd148de791030001e975238059","16640640","","","","Final","2-s2.0-84940101279"
"Kozyrev N.; Figley C.R.; Alexander M.S.; Richards J.S.; Bosma R.L.; Stroman P.W.","Kozyrev, Natalie (55093183500); Figley, Chase R. (18436292400); Alexander, Marcalee S. (24466358700); Richards, J. Scott (7403706775); Bosma, Rachael L. (54580583400); Stroman, Patrick W. (7003593017)","55093183500; 18436292400; 24466358700; 7403706775; 54580583400; 7003593017","Neural correlates of sexual arousal in the spinal cords of able-bodied men: A spinal fMRI investigation","2012","Journal of Sex and Marital Therapy","38","5","","418","435","17","10.1080/0092623X.2011.606887","https://www.scopus.com/inward/record.uri?eid=2-s2.0-84865419873&doi=10.1080%2f0092623X.2011.606887&partnerID=40&md5=b13ae119a5282572e1c9028fdea6c594","15210715","","JSMTB","22900624","Final","2-s2.0-84865419873"
"Reagh Z.M.; Delarazan A.I.; Garber A.; Ranganath C.","Reagh, Zachariah M. (55829900000); Delarazan, Angelique I. (57218437453); Garber, Alexander (57218438940); Ranganath, Charan (6603939219)","55829900000; 57218437453; 57218438940; 6603939219","Aging alters neural activity at event boundaries in the hippocampus and Posterior Medial network","2020","Nature Communications","11","1","3980","","","","10.1038/s41467-020-17713-4","https://www.scopus.com/inward/record.uri?eid=2-s2.0-85089177118&doi=10.1038%2fs41467-020-17713-4&partnerID=40&md5=7d3990ce3e43779815e0e1505595f627","20411723","","","32769969","Final","2-s2.0-85089177118"
"Stawarczyk D.; Wahlheim C.N.; Etzel J.A.; Snyder A.Z.; Zacks J.M.","Stawarczyk, David (36024380400); Wahlheim, Christopher N. (36571079500); Etzel, Joset A. (14022702000); Snyder, Abraham Z. (35548911400); Zacks, Jeffrey M. (7003373705)","36024380400; 36571079500; 14022702000; 35548911400; 7003373705","Aging and the encoding of changes in events: The role of neural activity pattern reinstatement","2020","Proceedings of the National Academy of Sciences of the United States of America","117","47","","29346","29353","7","10.1073/pnas.1918063117","https://www.scopus.com/inward/record.uri?eid=2-s2.0-85096887862&doi=10.1073%2fpnas.1918063117&partnerID=40&md5=73e3a7f321d5578e27e963a3aa21e0a9","00278424","","PNASA","33229530","Final","2-s2.0-85096887862"
